Model,Accuracy,Precision,Recall,F1-Score,ROC-AUC
LogisticRegression,0.8360655737704918,0.8484848484848485,0.8484848484848485,0.8484848484848485,0.9069264069264069
SVM,0.8360655737704918,0.8285714285714286,0.8787878787878788,0.8529411764705882,0.880952380952381
RandomForest,0.7868852459016393,0.7941176470588235,0.8181818181818182,0.8059701492537313,0.8668831168831169
XGBoost,0.7377049180327869,0.7428571428571429,0.7878787878787878,0.7647058823529411,0.8073593073593074
